model,MAE,MAPE_pct
OLS (LinearRegression),0.406389163655121,207.96245697530543
LASSO (LassoCV),0.4134612403457633,211.9071383017231
